hito,plugin,fase,fecha,metodo,modelo,agentes,tokens,minutos,usos_de_herramienta,lineas_sumadas,lineas_quitadas,archivos,tests_nuevos,hallazgos_criticos,hallazgos_importantes,hallazgos_menores,cortes,corridas_suite_completa,usd_evals,fuente,nota
1,pignolo,auditoria-plan,2026-09-27,pesado,opus,4,1481000,216.2,559,,,,,,,,,54,,scratch de la sesión (transcripciones de los agentes); docs/audits/2026-09-27-auditoria-plan-hito-1.md; docs/history/2026-10-01-estado-hasta-hoy.md,corrección de la auditoría independiente ronda 2 (45 de 119 comandos destructivos pasaban) construida por replay en copias de trabajo; agentes asignados por descripción y fecha; la auditoría 1 y la propia ronda 2 no tienen medición
1,pignolo,plan,2026-09-28,pesado,opus,1,486000,155,187,,,,,,,,,11,,scratch de la sesión (transcripciones de los agentes); docs/history/2026-10-01-estado-hasta-hoy.md,"plan reescrito desde la copia unida y verificado por replay byte a byte (566 tests, 68 roturas en rojo); el plan original del 2026-09-26 no tiene medición"
1,pignolo,auditoria-plan,2026-09-29,pesado,opus,2,1049000,241,470,,,,,,5,,,14,,scratch de la sesión (transcripciones de los agentes); docs/audits/2026-09-29-auditoria-3-plan-hito-1.md; docs/history/2026-10-01-estado-hasta-hoy.md,auditoría ronda 3 y su remediación G1 a G13; la auditoría informa 5 hallazgos MAJOR y no cuenta el resto
1,pignolo,ejecucion,2026-09-29,pesado,opus,1,115000,16.2,43,8278,4,58,219,,,,,2,,scratch de la sesión (transcripciones de los agentes); git (diff entre la base y la punta de la rama),no se reimplementó: se trajeron al repo real los commits por tarea ya construidos y verificados en la fase plan; las líneas son las del código traído
1,pignolo,revision,2026-09-29,pesado,opus,1,217000,9.3,33,,,,,,1,10,,1,,scratch de la sesión (transcripciones de los agentes); docs/history/2026-10-01-estado-hasta-hoy.md,una sola revisión final opus de toda la rama; el historial nombra un hallazgo I1 y M1 a M10; críticos no informados
1,pignolo,arreglos,2026-09-29,pesado,opus,2,396000,34.9,157,513,19,12,10,,,,,2,,"scratch de la sesión (transcripciones de los agentes); git (commits propios de la rama, sin merges, entre las dos puntas del rango de arreglos)",incluye la re-revisión acotada
2,pignolo,auditoria-plan,2026-09-29,pesado,sonnet+opus,2,153000,3.7,30,,,,,,,,,0,,scratch de la sesión (transcripciones de los agentes); docs/history/2026-10-01-estado-hasta-hoy.md,revisión del plan contra la documentación oficial de subagentes; el plan del hito 2 no tiene medición propia; hallazgos no contados en la fuente
2,pignolo,ejecucion,2026-09-29,pesado,sonnet,7,645000,19,102,1856,11,51,41,,,,,0,,scratch de la sesión (transcripciones de los agentes); git (diff entre la base y la punta de la rama),implementadores en paralelo por olas; la Task 3 no tiene agente medido
2,pignolo,revision,2026-09-29,pesado,opus,1,128000,9.7,32,,,,,1,5,,,0,,scratch de la sesión (transcripciones de los agentes); docs/history/2026-10-01-estado-hasta-hoy.md,menores no informados
2,pignolo,arreglos,2026-09-29,pesado,opus,2,247000,14.3,67,301,64,15,12,,,,,1,,"scratch de la sesión (transcripciones de los agentes); git (commits propios de la rama, sin merges, entre las dos puntas del rango de arreglos)",incluye la confirmación acotada
2,pignolo,evals,2026-09-29,pesado,,,,,,,,,,,,,,,1.83,tests/evals/RESULTS.md,"explorer y researcher, 5 corridas cada uno; tope aprobado 8 USD"
3a,pignolo,plan,2026-09-29,pesado,opus,1,318000,24.9,85,,,,,,,,,0,,scratch de la sesión (transcripciones de los agentes); docs/history/2026-10-01-estado-hasta-hoy.md,borrador del plan compartido con 3b
3a,pignolo,auditoria-plan,2026-09-29,pesado,opus,1,122000,4.6,14,,,,,,,,,0,,scratch de la sesión (transcripciones de los agentes),hallazgos no contados en la fuente
3a,pignolo,ejecucion,2026-09-29,pesado,sonnet+opus,10,1140000,40.2,202,3803,44,51,118,,,,,1,,scratch de la sesión (transcripciones de los agentes); git (diff entre la base y la punta de la rama),implementadores en paralelo por olas (opus en la Task 5)
3a,pignolo,revision,2026-09-29,pesado,opus,1,164000,8.5,32,,,,,,5,10,,0,,scratch de la sesión (transcripciones de los agentes); docs/history/2026-10-01-estado-hasta-hoy.md,I1 a I5 y M1 a M10 según el historial; críticos no informados
3a,pignolo,arreglos,2026-09-29,pesado,opus,2,302000,22,126,374,65,23,15,,,,,2,,"scratch de la sesión (transcripciones de los agentes); git (commits propios de la rama, sin merges, entre las dos puntas del rango de arreglos)",incluye la confirmación acotada
3b,pignolo,plan,2026-09-29,pesado,opus,1,485000,43,130,,,,,,,,,2,,scratch de la sesión (transcripciones de los agentes),plan escrito con replay
3b,pignolo,auditoria-plan,2026-09-29,pesado,opus,2,529000,29.2,163,,,,,,,,,0,,scratch de la sesión (transcripciones de los agentes),revisión y corrección; hallazgos no contados en la fuente
3b,pignolo,ejecucion,2026-09-29,pesado,sonnet+opus,9,895000,,213,1692,55,41,48,,,,,9,,scratch de la sesión (transcripciones de los agentes); git (diff entre la base y la punta de la rama),implementadores en paralelo (opus en las Tasks 15 a 17). minutos vacíos: un agente de la fila tuvo 238 min de pared con 26 usos (esperas)
3b,pignolo,revision,2026-09-29,pesado,opus,1,185000,7.4,29,,,,,,,,,0,,scratch de la sesión (transcripciones de los agentes); docs/history/2026-10-01-estado-hasta-hoy.md,el historial cuenta 16 hallazgos en total (arreglados en la pasada) sin desglose por gravedad
3b,pignolo,arreglos,2026-09-29,pesado,opus,2,288000,14.7,69,218,78,19,16,,,,,1,,"scratch de la sesión (transcripciones de los agentes); git (commits propios de la rama, sin merges, entre las dos puntas del rango de arreglos)",incluye la confirmación acotada
3b,pignolo,evals,2026-09-29,pesado,opus,4,651000,183.3,195,,,,,,,,1,5,11.49,scratch de la sesión (transcripciones de los agentes); tests/evals/RESULTS-hito-3.md,"evals de los agentes de revisión (sonda, calibraciones, completa en opus y rama sonnet) más los arreglos de graders y de los revisores; el USD no incluye una corrida completa en opus interrumpida sin costo informado; el corte fue la recalibración del 2026-09-30 por límite de sesión"
4a,pignolo,plan,2026-09-30,pesado,,1,132000,2.7,31,,,,,,,,,0,,scratch de la sesión (transcripciones de los agentes); docs/history/2026-10-01-estado-hasta-hoy.md,solo el mapeo del código; el plan lo escribió el orquestador y no tiene medición
4a,pignolo,auditoria-plan,2026-09-30,pesado,opus,1,187000,6.4,38,,,,,1,8,5,,0,,scratch de la sesión (transcripciones de los agentes); docs/history/2026-10-01-estado-hasta-hoy.md,"un solo auditor opus, sin experimentos forzados; el historial dice ""1 crítico, 8 mayores, 5 menores""; mayores contados como importantes"
4a,pignolo,ejecucion,2026-09-30,pesado,sonnet+opus,8,1026000,119.8,363,2096,27,32,59,,,,,14,,scratch de la sesión (transcripciones de los agentes); git (diff entre la base y la punta de la rama),"8 tareas en paralelo (opus en las Tasks 4, 5 y 7); ver también las filas ab-4a-ola1"
4a,pignolo,revision,2026-09-30,pesado,opus,1,225000,25.7,81,,,,,1,4,10,,0,,scratch de la sesión (transcripciones de los agentes); docs/history/2026-10-01-estado-hasta-hoy.md,
4a,pignolo,arreglos,2026-09-30,pesado,opus+sonnet,3,524000,52.9,199,493,84,19,21,,,,,5,,"scratch de la sesión (transcripciones de los agentes); git (commits propios de la rama, sin merges, entre las dos puntas del rango de arreglos)",incluye la re-revisión acotada y la pasada chica; no incluye el arreglo del test intermitente de instantánea WIP
4b,pignolo,plan,2026-09-30,pesado,opus,1,456000,44.3,179,,,,,,,,,0,,scratch de la sesión (transcripciones de los agentes); docs/benchmarks.md §2,todavía con replay; benchmarks.md informa ~459 mil tokens (aquí 456 mil medidos en la transcripción) y 45 min
4b,pignolo,auditoria-plan,2026-09-30,liviano-v1,opus+sonnet,3,647000,29.8,205,,,,,1,5,3,,0,,scratch de la sesión (transcripciones de los agentes); scratch de la sesión (audit-4b-step1.json),auditoría en dos pasos y corrección; hallazgos del paso 1
4b,pignolo,ejecucion,2026-09-30,liviano-paralelo,sonnet+opus,8,772000,115,146,1080,127,26,32,,,,,9,,scratch de la sesión (transcripciones de los agentes); git (diff entre la base y la punta de la rama),"8 tareas en paralelo (opus en las Tasks 12, 13 y 14); benchmarks.md §2 informa ~0,78 millones"
4b,pignolo,revision,2026-09-30,liviano-v1,opus,1,170000,6.1,33,,,,,0,2,,,2,,scratch de la sesión (transcripciones de los agentes); docs/benchmarks.md §2; docs/history/2026-10-01-estado-hasta-hoy.md,menores no informados
4b,pignolo,arreglos,2026-09-30,liviano-v1,sonnet,1,132000,11.7,37,154,28,16,1,,,,,0,,"scratch de la sesión (transcripciones de los agentes); git (commits propios de la rama, sin merges, entre las dos puntas del rango de arreglos)",el rango incluye los docs de resultados de las evals
4b,pignolo,evals,2026-09-30,liviano-v1,,,,,,,,,,,,,,,7.53,tests/evals/RESULTS-hito-4.md,"test-writer en Windows 2,25 USD y agentes con Bash en WSL2 5,28 USD"
5,pignolo,plan,2026-09-30,pesado,opus,1,411000,27.4,97,,,,,,,,,0,,scratch de la sesión (transcripciones de los agentes); docs/gaps.md G1,"primera versión del plan del hito 5 (opus), anterior al plan en tarjetas; no consta en el historial de git ni si usó replay"
5,pignolo,plan,2026-09-30,liviano-v1,sonnet,1,272000,12,35,,,,,,,,,0,,scratch de la sesión (transcripciones de los agentes); docs/benchmarks.md §2; docs/gaps.md G1,plan de 19 tareas en tarjetas y sin replay; benchmarks.md informa ~273 mil tokens
5,pignolo,auditoria-plan,2026-09-30,liviano-v1,opus+sonnet,3,494000,26.9,110,,,,,0,6,9,,1,,scratch de la sesión (transcripciones de los agentes); scratch de la sesión (audit-5-step1.json),"auditoría solo de las tareas de riesgo, en dos pasos, y corrección"
5a,pignolo,ejecucion,2026-09-30,liviano-v1,sonnet,3,777000,81,259,4940,80,63,149,,,,,7,,scratch de la sesión (transcripciones de los agentes); git (diff entre la base y la punta de la rama),Tasks 1 a 14 con un ejecutor sonnet en serie (tres despachos)
5a,pignolo,revision,2026-09-30,liviano-v1,opus,1,185000,6.6,42,,,,,0,3,6,,1,,scratch de la sesión (transcripciones de los agentes); docs/history/2026-10-01-estado-hasta-hoy.md,
5a,pignolo,arreglos,2026-09-30,liviano-v1,sonnet,1,151000,8,53,297,35,17,11,,,,,1,,"scratch de la sesión (transcripciones de los agentes); git (commits propios de la rama, sin merges, entre las dos puntas del rango de arreglos)",
5b,pignolo,ejecucion,2026-10-01,liviano-v1,sonnet,1,274000,16,90,1116,32,26,40,,,,,0,,scratch de la sesión (transcripciones de los agentes); git (diff entre la base y la punta de la rama),
5b,pignolo,revision,2026-10-01,liviano-v1,opus,2,304000,10.3,75,,,,,0,6,7,1,0,,scratch de la sesión (transcripciones de los agentes); scratch de la sesión (h5b-final-review.md),la primera revisión se cortó por el límite semanal y se repitió
5b,pignolo,arreglos,2026-10-01,liviano-v1-fable,fable,1,246000,17.4,84,359,55,19,17,,,,,1,,"scratch de la sesión (transcripciones de los agentes); git (commits propios de la rama, sin merges, entre las dos puntas del rango de arreglos)",
5b,pignolo,evals,2026-10-01,liviano-v1,sonnet,2,211000,64.8,48,,,,,,,,,0,6.07,scratch de la sesión (transcripciones de los agentes); tests/evals/RESULTS-hito-5.md,35 corridas en 7 casos de los agentes del modo plan (Windows 10/10 y WSL2 25/25)
6,pignolo,plan,2026-09-30,liviano-v1,sonnet,1,222000,9,27,,,,,,,,,0,,scratch de la sesión (transcripciones de los agentes),
6,pignolo,auditoria-plan,2026-09-30,liviano-v1,opus+sonnet,3,482000,22.9,101,,,,,2,10,4,,4,,scratch de la sesión (transcripciones de los agentes); scratch de la sesión (audit-6-step1.json),
6,pignolo,ejecucion,2026-10-01,liviano-v1-fable,fable+opus,3,864000,83.2,268,3023,38,46,93,,,,1,3,,scratch de la sesión (transcripciones de los agentes); git (diff entre la base y la punta de la rama); docs/history/2026-10-01-estado-hasta-hoy.md,tres despachos: el primero (Fable) se cortó por el límite semanal sin commitear la Task 1; el segundo (Fable) avanzó hasta la Task 7; el tercero (opus) terminó desde la Task 8; el modelo del tercero cambió sin que la fuente diga el motivo
6,pignolo,revision,2026-10-01,liviano-v1,opus,1,214000,14.9,51,,,,,1,4,7,,0,,scratch de la sesión (transcripciones de los agentes); scratch de la sesión (h6-final-review.md),
6,pignolo,arreglos,2026-10-01,liviano-v1,sonnet,1,252000,37.5,109,623,297,24,18,,,,,2,,"scratch de la sesión (transcripciones de los agentes); git (commits propios de la rama, sin merges, entre las dos puntas del rango de arreglos)",
7,pignolo,plan,2026-09-30,liviano-v1,sonnet+opus,3,486000,21,73,,,,,,,,,0,,scratch de la sesión (transcripciones de los agentes),incluye la investigación de la decisión D-7-7 (cómo borrar ramas unidas) y su aplicación al plan
7,pignolo,auditoria-plan,2026-09-30,liviano-v1,opus+sonnet,3,466000,28.3,83,,,,,3,13,5,,0,,scratch de la sesión (transcripciones de los agentes); scratch de la sesión (audit-7-step1.json),16 de 17 afirmaciones confirmadas por experimento; 21 hallazgos corregidos
7-multiplan,pignolo,plan,2026-10-01,liviano-v1-fable,sonnet+fable,2,374000,18,55,,,,,,,,,0,,scratch de la sesión (transcripciones de los agentes),función de planes en paralelo RETIRADA por decisión R2 del autor; costo sin valor entregado
7-multiplan,pignolo,auditoria-plan,2026-10-01,liviano-v1,opus,2,317000,12,51,,,,,0,7,14,,0,,"scratch de la sesión (transcripciones de los agentes); scratch de la sesión (audit-7m-step1.json, audit-7m-step2.json)",auditoría de la función retirada; escala alta/media/baja del informe: alta contada como importante; incluye 1 hallazgo nuevo del paso 2
7a,pignolo,ejecucion,2026-10-01,liviano-v1,sonnet,2,888000,187.1,357,5543,140,49,133,,,,1,2,,scratch de la sesión (transcripciones de los agentes); git (diff entre la base y la punta de la rama); docs/gaps.md G39,el primer despacho se cortó por límite dejando trabajo sin commitear; el segundo lo retomó y lo unió con main; rama sin unir a la fecha del registro
7a,pignolo,revision,2026-10-01,liviano-v1,opus,1,390729,81.9,76,,,,,0,12,15,,,,"notificación del agente, sesión del 2026-10-01; scratch de la sesión (h7a-final-review.md)","la revisión corrió una sola vez la suite completa; la transcripción mide 61 min de pared y la notificación 81,9"
7a,pignolo,arreglos,2026-10-01,liviano-v1,sonnet,1,142000,22.7,46,189,32,6,6,,,,,0,,"scratch de la sesión (transcripciones de los agentes); git (commits propios de la rama, sin merges, entre las dos puntas del rango de arreglos)",rama sin unir a la fecha del registro
8,pignolo,plan,2026-10-01,liviano-v1,sonnet,1,250000,12.4,24,,,,,,,,,0,,scratch de la sesión (transcripciones de los agentes),"plan de 14 tareas y 20 rulings, compartido por 8a, 8b y 8c"
8,pignolo,auditoria-plan,2026-10-01,liviano-v1,opus+sonnet,3,488000,18.7,109,,,,,0,2,13,,0,,"scratch de la sesión (transcripciones de los agentes); scratch de la sesión (audit-8-step1.json, audit-8-step2.json)",escala alta/media/baja del informe: alta contada como importante; incluye 2 hallazgos nuevos del paso 2
8a,pignolo,ejecucion,2026-10-01,liviano-v1,sonnet,2,507000,59.4,189,2776,20,38,97,,,,,4,,scratch de la sesión (transcripciones de los agentes); git (diff entre la base y la punta de la rama),incluye poner la rama al día con main resolviendo conflictos (6 min)
8a,pignolo,revision,2026-10-01,liviano-v1,opus,1,197000,20.8,34,,,,,0,3,9,,3,,scratch de la sesión (transcripciones de los agentes); scratch de la sesión (h8a-final-review.md),
8a,pignolo,arreglos,2026-10-01,liviano-v1,sonnet,1,220000,22.4,116,494,40,21,21,,,,,2,,"scratch de la sesión (transcripciones de los agentes); git (commits propios de la rama, sin merges, entre las dos puntas del rango de arreglos)",
8b,pignolo,ejecucion,2026-10-01,liviano-v1,sonnet,1,262000,58.1,101,869,5,10,24,,,,,1,,scratch de la sesión (transcripciones de los agentes); git (diff entre la base y la punta de la rama),el mismo agente corrió las evals pagas; no hubo revisión final del 8b
8b,pignolo,evals,2026-10-01,liviano-v1,,,,,,,,,,,,,,,2.77,tests/evals/RESULTS-hito-8.md,"agente debugger: sonda 0,161 + calibración 0,433 + completa 2,172; 9/15 por los graders, sin medición válida hasta recalibrar"
brainstorm,pignolo,plan,2026-10-01,liviano-v1,opus,1,158000,4.6,23,,,,,,,,,0,,scratch de la sesión (transcripciones de los agentes); scratch de la sesión (brainstorm-design.md),diseño del paso de brainstorming
brainstorm,pignolo,evals,2026-10-01,liviano-v1,opus,1,243000,105.7,60,,,,,,,,,5,9.28,scratch de la sesión (transcripciones de los agentes); docs/benchmarks.md §2d y §2f; tests/evals/RESULTS-brainstorm.md,A/B del borrador de la skill contra el paso de hoy (8 corridas con autor simulado); el borrador no ganó y se adoptaron solo las reglas baratas
brainstorm,pignolo,ejecucion,2026-10-01,liviano-v1,sonnet,1,199000,12.7,73,407,30,23,22,,,,,0,,scratch de la sesión (transcripciones de los agentes); git (diff entre la base y la punta de la rama),"reglas de brainstorming en la skill plan, registro de decisiones y segunda fuente del spec-reviewer; un cambio chico con contrato"
brainstorm,pignolo,revision,2026-10-01,liviano-v1,opus,1,161000,19.9,30,,,,,0,4,6,,2,,scratch de la sesión (transcripciones de los agentes); scratch de la sesión (br-review.md),
brainstorm,pignolo,arreglos,2026-10-01,liviano-v1,sonnet,1,137000,24.7,42,153,17,15,10,,,,,0,,"scratch de la sesión (transcripciones de los agentes); git (commits propios de la rama, sin merges, entre las dos puntas del rango de arreglos)",
8d,pignolo,plan,2026-10-01,liviano-v1,opus,3,355000,9.3,81,,,,,,,,,0,,scratch de la sesión (transcripciones de los agentes); docs/benchmarks.md §2d,investigación con fuentes previa al plan (un agente opus y dos de búsqueda web); no incluye la escritura del plan
8d,pignolo,plan,2026-10-01,liviano-v1,sonnet,1,176000,7.2,20,,,,,,,,,0,,scratch de la sesión (transcripciones de los agentes),
8d,pignolo,auditoria-plan,2026-10-01,liviano-v1,opus+sonnet,3,645000,31.8,64,,,,,0,15,18,,1,,"scratch de la sesión (transcripciones de los agentes); scratch de la sesión (audit-8d-step1.json, audit-8d-step2.json)",escala alta/media/baja del informe: alta contada como importante; suma 6 hallazgos nuevos del paso 2; el plan se recortó de ~172 a ~120 tests
8d,pignolo,ejecucion,2026-10-01,liviano-v1,sonnet,2,701000,97.8,237,5026,42,44,119,,,,1,1,,scratch de la sesión (transcripciones de los agentes); git (diff entre la base y la punta de la rama); docs/gaps.md G39,el primer despacho se cortó por límite dejando archivos a medio escribir; rama sin unir a la fecha del registro
8d,pignolo,revision,2026-10-01,liviano-v1,opus,1,295073,25.3,52,,,,,0,5,9,,,,"notificación del agente, sesión del 2026-10-01; scratch de la sesión (h8d-final-review.md)",18 mutaciones con 17 rojos; una corrida de la suite completa
8d,pignolo,arreglos,2026-10-01,liviano-v1,sonnet,1,241000,47.3,128,448,32,18,25,,,,,0,,"scratch de la sesión (transcripciones de los agentes); git (commits propios de la rama, sin merges, entre las dos puntas del rango de arreglos)",rama sin unir a la fecha del registro
1,pignolo-ui,plan,2026-09-28,pesado,opus,1,665000,224.3,345,,,,,,,,,12,,scratch de la sesión (transcripciones de los agentes); docs/history/2026-10-01-estado-hasta-hoy.md,plan de 11 tareas y 108 tests ejecutado en copia (replay byte a byte)
1,pignolo-ui,ejecucion,2026-09-28,pesado,sonnet,12,1092000,44,241,5548,0,53,144,,,,,37,,scratch de la sesión (transcripciones de los agentes); git (diff entre la base y la punta de la rama),"12 tareas con implementadores sonnet en serie; las líneas son las de toda la rama, con sus arreglos"
1,pignolo-ui,revision,2026-09-28,pesado,opus,8,763000,14.2,79,,,,,,,,,0,,scratch de la sesión (transcripciones de los agentes),revisión por tarea (spec y calidad) con opus; las Tasks 1 a 3 y 9 no tienen revisor medido
1,pignolo-ui,revision,2026-09-29,pesado,opus,1,182000,6.5,29,,,,,,,,,1,,scratch de la sesión (transcripciones de los agentes); docs/history/2026-10-01-estado-hasta-hoy.md,revisión final de la rama; hallazgos no informados
1,pignolo-ui,arreglos,2026-09-29,pesado,sonnet+opus,2,251000,9.2,61,,,,,,,,,2,,scratch de la sesión (transcripciones de los agentes),incluye la re-revisión; las líneas de esta pasada van dentro de la fila de ejecución
2a,pignolo-ui,plan,2026-09-29,pesado,opus,1,312000,26.3,64,,,,,,,,,0,,scratch de la sesión (transcripciones de los agentes),
2a,pignolo-ui,auditoria-plan,2026-09-29,pesado,opus,1,106000,4.1,11,,,,,,,,,0,,scratch de la sesión (transcripciones de los agentes),hallazgos no contados en la fuente
2a,pignolo-ui,ejecucion,2026-09-29,pesado,sonnet+opus,12,1526000,,322,6843,60,261,144,,,,,0,,scratch de la sesión (transcripciones de los agentes); git (diff entre la base y la punta de la rama),12 tareas en paralelo por olas (opus en la Task 3). minutos vacíos: un agente de la fila tuvo 388 min de pared con 16 usos (esperas)
2a,pignolo-ui,revision,2026-09-29,pesado,opus,1,193000,14.6,37,,,,,,,,,0,,scratch de la sesión (transcripciones de los agentes); docs/history/2026-10-01-estado-hasta-hoy.md,"el historial cuenta 12 hallazgos en la pasada de arreglos, sin desglose"
2a,pignolo-ui,arreglos,2026-09-29,pesado,opus,3,411000,22,149,400,74,54,10,,,,,0,,"scratch de la sesión (transcripciones de los agentes); git (commits propios de la rama, sin merges, entre las dos puntas del rango de arreglos)",incluye la confirmación acotada y el arreglo de la rotura que esa confirmación encontró
2b,pignolo-ui,plan,2026-09-29,pesado,opus,1,509000,40.5,145,,,,,,,,,0,,scratch de la sesión (transcripciones de los agentes),
2b,pignolo-ui,auditoria-plan,2026-09-29,pesado,opus,2,530000,,138,,,,,,,,,0,,scratch de la sesión (transcripciones de los agentes),revisión y corrección; hallazgos no contados en la fuente. minutos vacíos: un agente de la fila tuvo 283 min de pared con 47 usos (esperas)
2b,pignolo-ui,ejecucion,2026-09-29,pesado,opus+sonnet,6,715000,33.4,140,4078,32,197,66,,,,,0,,scratch de la sesión (transcripciones de los agentes); git (diff entre la base y la punta de la rama),6 tareas en paralelo (opus en B1 y B2)
2b,pignolo-ui,revision,2026-09-29,pesado,opus,1,148000,5.2,25,,,,,,,,,0,,scratch de la sesión (transcripciones de los agentes); docs/history/2026-10-01-estado-hasta-hoy.md,hallazgos no informados; hubo dos pasadas de arreglos por pérdida de datos en restore
2b,pignolo-ui,arreglos,2026-09-29,pesado,opus,3,445000,22.9,126,440,81,13,15,,,,,0,,"scratch de la sesión (transcripciones de los agentes); git (commits propios de la rama, sin merges, entre las dos puntas del rango de arreglos)",incluye la confirmación acotada y el segundo arreglo de restore
3,pignolo-ui,plan,2026-09-30,pesado,opus,1,401000,78.4,188,,,,,,,,,0,,scratch de la sesión (transcripciones de los agentes); docs/benchmarks.md §2,plan con el código verificado por replay; benchmarks.md informa ~405 mil tokens
3,pignolo-ui,ejecucion,2026-09-30,liviano-v1,sonnet,1,143000,23.3,50,1893,11,25,46,,,,,6,,scratch de la sesión (transcripciones de los agentes); git (diff entre la base y la punta de la rama); docs/benchmarks.md §2,7 tareas con un solo ejecutor en serie sobre un plan con el código ya verificado; benchmarks.md informa ~145 mil tokens
3,pignolo-ui,revision,2026-09-30,liviano-v1,opus,1,156000,12.3,35,,,,,,,,,0,,scratch de la sesión (transcripciones de los agentes),hallazgos no informados en las fuentes
3,pignolo-ui,arreglos,2026-09-30,liviano-v1,sonnet,1,191000,29.6,59,418,58,14,13,,,,,3,,"scratch de la sesión (transcripciones de los agentes); git (commits propios de la rama, sin merges, entre las dos puntas del rango de arreglos)",
4,pignolo-ui,plan,2026-09-30,liviano-v1,sonnet,1,305000,15.2,38,,,,,,,,,0,,scratch de la sesión (transcripciones de los agentes),"plan de 4a y 4b juntos, en tarjetas"
4,pignolo-ui,auditoria-plan,2026-10-01,liviano-v1-fable,opus+fable,4,706000,31.3,102,,,,,2,9,14,1,0,,scratch de la sesión (transcripciones de los agentes); scratch de la sesión (audit-ui4-step1.json),"el paso 2 se cortó por el límite semanal y se repitió; el paso 2 sumó 3 hallazgos nuevos sin gravedad, no contados"
4,pignolo-ui,ejecucion,2026-10-01,liviano-v1,sonnet,1,491000,68,201,4450,29,58,118,,,,,3,,scratch de la sesión (transcripciones de los agentes); git (diff entre la base y la punta de la rama),4a y 4b juntos con un ejecutor en serie
4,pignolo-ui,revision,2026-10-01,liviano-v1,opus,1,262000,16.8,73,,,,,1,5,10,,0,,scratch de la sesión (transcripciones de los agentes); scratch de la sesión (ui4-final-review.md),
4,pignolo-ui,arreglos,2026-10-01,liviano-v1,sonnet,1,208000,19.3,81,521,47,23,24,,,,,2,,"scratch de la sesión (transcripciones de los agentes); git (commits propios de la rama, sin merges, entre las dos puntas del rango de arreglos)",
4,pignolo-ui,evals,2026-10-01,liviano-v1,sonnet,1,203000,98.6,86,,,,,,,,1,0,14.34,scratch de la sesión (transcripciones de los agentes); plugins/pignolo-ui/tests/evals/RESULTS-ui-hito-4.md,"primera corrida de ui-option y ui-auditor; 14 corridas cortadas por el límite de sesión; parcial (14,34 de 22 USD)"
ui-option-craft,pignolo-ui,ejecucion,2026-10-01,liviano-v1,sonnet,2,209000,70.7,45,120,14,14,7,,,,,6,,scratch de la sesión (transcripciones de los agentes); git (diff entre la base y la punta de la rama),pignolo-ui 0.6.2: reglas de oficio en la carta y modelo por perfil; dos despachos
ui-option-craft,pignolo-ui,evals,2026-10-01,liviano-v1,opus+sonnet,2,153000,3.2,18,,,,,,,,,0,,scratch de la sesión (transcripciones de los agentes); tests/evals/RESULTS-lienzo.md,repetición del A/B de opciones con la carta mejorada; USD no informado
auditor-juicio,pignolo-ui,ejecucion,2026-10-01,liviano-v1,sonnet,1,125000,44.1,48,63,7,10,1,,,,,0,,scratch de la sesión (transcripciones de los agentes); git (diff entre la base y la punta de la rama),pignolo-ui 0.6.3: gravedad de juicio acotada en ui-auditor; el mismo agente volvió a correr las evals; sin revisión final
auditor-juicio,pignolo-ui,evals,2026-10-01,liviano-v1,,,,,,,,,,,,,,,7.51,plugins/pignolo-ui/tests/evals/RESULTS-ui-hito-4.md,"segunda corrida del auditor; con la primera suma 21,85 de 22 USD"
4c,pignolo-ui,plan,2026-10-01,liviano-v1,sonnet,1,223000,9.7,31,,,,,,,,,0,,scratch de la sesión (transcripciones de los agentes),primera escritura del plan del lienzo
4c,pignolo-ui,plan,2026-10-01,liviano-v1,sonnet,2,528000,28,93,,,,,,,,,0,,scratch de la sesión (transcripciones de los agentes); docs/gaps.md G38,reescrituras por cambios de alcance del autor (G38)
4c,pignolo-ui,auditoria-plan,2026-10-01,liviano-v1,opus+sonnet,5,1251000,73.1,178,,,,,3,14,19,2,0,,"scratch de la sesión (transcripciones de los agentes); scratch de la sesión (audit-4c-step1.json, audit-4c-round2.json); docs/history/2026-10-01-estado-hasta-hoy.md","dos rondas de auditoría con sus correcciones; el paso 1 falló dos veces por error 529 del servidor según el historial (cortes por sobrecarga) y se completó en un reintento posterior; escala alta/media/baja de la ronda 2: alta contada como importante; el plan total costó ~2,0 millones de tokens (benchmarks.md §2d)"
4c-etapa1,pignolo-ui,ejecucion,2026-10-01,liviano-v1,sonnet,1,564000,67.9,204,3730,153,60,123,,,,,1,,scratch de la sesión (transcripciones de los agentes); git (diff entre la base y la punta de la rama),"8 tareas, conversor, índice y publicación con filtro (pignolo-ui 0.7.0)"
4c-etapa1,pignolo-ui,revision,2026-10-01,liviano-v1,opus,1,358000,29.4,70,,,,,1,6,15,,1,,scratch de la sesión (transcripciones de los agentes); scratch de la sesión (ui4c1-final-review.md),
4c-etapa1,pignolo-ui,arreglos,2026-10-01,liviano-v1,sonnet,1,293000,36.1,112,787,76,26,38,,,,,1,,"scratch de la sesión (transcripciones de los agentes); git (commits propios de la rama, sin merges, entre las dos puntas del rango de arreglos)",
0.7.3,pignolo-ui,ejecucion,2026-10-01,liviano-v1,sonnet,1,221047,38,76,398,56,29,18,,,,,,,"notificación del agente, sesión del 2026-10-01; git (diff entre la base y la punta de la rama)",carta candidata de ui-option y datos de muestra rotulados; rama sin unir a la fecha del registro
0.7.3,pignolo-ui,evals,2026-10-01,liviano-v1,sonnet,4,310000,5.8,37,,,,,,,,,0,,scratch de la sesión (transcripciones de los agentes); tests/evals/RESULTS-lienzo.md,"tercera medición de opciones de UI (cuatro brazos, una corrida cada uno); USD no informado"
0.7.3,pignolo-ui,revision,2026-10-01,liviano-v1,opus,1,167000,22.3,37,,,,,,,,,0,,scratch de la sesión (transcripciones de los agentes),hallazgos no registrados en las fuentes al cerrar el registro; arreglos todavía sin hacer
4e,pignolo-ui,plan,2026-10-01,liviano-v1,sonnet,1,241000,14.4,35,,,,,,,,,0,,scratch de la sesión (transcripciones de los agentes),"plan del hito 4e (oficio y chequeos), primera versión; la ejecución del 4e no está en este registro"
4e-4f-4g,pignolo-ui,plan,2026-10-01,liviano-v1,sonnet,1,374752,24.4,66,,,,,,,,,,,"notificación del agente, sesión del 2026-10-01","escritura de los planes 4e ampliado, 4f y 4g; la ejecución no está en este registro"
ab-4a-ola1,pignolo,ejecucion,2026-09-30,liviano-paralelo,sonnet,4,528000,88.6,155,,,,,,,,,4,,scratch de la sesión (transcripciones de los agentes); tests/evals/RESULTS-ejecucion.md,A/B de las Tasks 3 a 6 del 4a con 4 ejecutores sonnet en paralelo; tiempo de pared ~28 min; el informe da ~531 mil tokens; 148 de 180 tests finales pasan
ab-4a-ola1,pignolo,ejecucion,2026-09-30,liviano-v1,sonnet,1,270000,33.4,93,,,,,,,,,0,,scratch de la sesión (transcripciones de los agentes); tests/evals/RESULTS-ejecucion.md,las mismas 4 tareas con un ejecutor sonnet en serie; tiempo de pared ~32 min; el informe da ~272 mil tokens; 151 de 180 tests finales pasan
ab-lienzo,pignolo-ui,evals,2026-10-01,liviano-v1,sonnet+opus,4,356000,9.4,44,,,,,,,,,0,,scratch de la sesión (transcripciones de los agentes); docs/benchmarks.md §2e; tests/evals/RESULTS-lienzo.md,"A/B de opciones de UI en HTML local o en el lienzo, una corrida por brazo; USD no informado"
